age_Gyr,observable,value,pixel_y,pixel_half_width
0.2,e,0.8426294820717132,87.0,4
0.2,a_au,0.1775398406374502,711.5,8
0.2,pericentre_au,0.027888446215139442,1012.0,8
0.2,roche_limit_au,0.02041832669322709,1027.0,4
0.2,stellar_radius_au,0.0049800796812749,1058.0,4
0.4,e,0.8406374501992032,88.0,4
0.4,a_au,0.17679282868525897,713.0,8
0.4,pericentre_au,0.02838645418326693,1011.0,8
0.4,roche_limit_au,0.02041832669322709,1027.0,4
0.4,stellar_radius_au,0.0049800796812749,1058.0,4
0.6,e,0.8366533864541833,90.0,4
0.6,a_au,0.175796812749004,715.0,8
0.6,pericentre_au,0.028635458167330676,1010.5,8
0.6,roche_limit_au,0.02041832669322709,1027.0,4
0.6,stellar_radius_au,0.0049800796812749,1058.0,4
0.8,e,0.8346613545816733,91.0,4
0.8,a_au,0.17504980079681273,716.5,8
0.8,pericentre_au,0.02888446215139442,1010.0,8
0.8,roche_limit_au,0.02041832669322709,1027.0,4
0.8,stellar_radius_au,0.0049800796812749,1058.0,4
1.0,e,0.8306772908366534,93.0,4
1.0,a_au,0.173804780876494,719.0,8
1.0,pericentre_au,0.02938247011952191,1009.0,8
1.0,roche_limit_au,0.02041832669322709,1027.0,4
1.0,stellar_radius_au,0.0049800796812749,1058.0,4
1.2,e,0.8286852589641434,94.0,4
1.2,a_au,0.17330677290836652,720.0,8
1.2,pericentre_au,0.029880478087649404,1008.0,8
1.2,roche_limit_au,0.02041832669322709,1027.0,4
1.2,stellar_radius_au,0.0049800796812749,1058.0,4
1.4,e,0.8227091633466135,97.0,4
1.4,a_au,0.17231075697211154,722.0,8
1.4,pericentre_au,0.030378486055776893,1007.0,8
1.4,roche_limit_au,0.02041832669322709,1027.0,4
1.4,stellar_radius_au,0.0049800796812749,1058.0,4
1.6,e,0.8207171314741035,98.0,4
1.6,a_au,0.17131474103585656,724.0,8
1.6,pericentre_au,0.030627490039840638,1006.5,8
1.6,roche_limit_au,0.02041832669322709,1027.0,4
1.6,stellar_radius_au,0.0049800796812749,1058.0,4
1.8,e,0.8167330677290836,100.0,4
1.8,a_au,0.17031872509960158,726.0,8
1.8,pericentre_au,0.031125498007968128,1005.5,8
1.8,roche_limit_au,0.02041832669322709,1027.0,4
1.8,stellar_radius_au,0.0049800796812749,1058.0,4
2.0,e,0.8137450199203187,101.5,4
2.0,a_au,0.1693227091633466,728.0,8
2.0,pericentre_au,0.03162350597609562,1004.5,8
2.0,roche_limit_au,0.02041832669322709,1027.0,4
2.0,stellar_radius_au,0.0049800796812749,1058.0,4
2.2,e,0.8107569721115537,103.0,4
2.2,a_au,0.16832669322709162,730.0,8
2.2,pericentre_au,0.03187250996015936,1004.0,8
2.2,roche_limit_au,0.02041832669322709,1027.0,4
2.2,stellar_radius_au,0.0049800796812749,1058.0,4
2.4,e,0.8047808764940239,106.0,4
2.4,a_au,0.1670816733067729,732.5,8
2.4,pericentre_au,0.03237051792828685,1003.0,8
2.4,roche_limit_au,0.02041832669322709,1027.0,4
2.4,stellar_radius_au,0.005229083665338645,1057.5,4
2.6,e,0.8027888446215139,107.0,4
2.6,a_au,0.16608565737051792,734.5,8
2.6,pericentre_au,0.03286852589641434,1002.0,8
2.6,roche_limit_au,0.02041832669322709,1027.0,4
2.6,stellar_radius_au,0.005229083665338645,1057.5,4
2.8,e,0.798804780876494,109.0,4
2.8,a_au,0.1648406374501992,737.0,8
2.8,pericentre_au,0.03336653386454183,1001.0,8
2.8,roche_limit_au,0.02041832669322709,1027.0,4
2.8,stellar_radius_au,0.005229083665338645,1057.5,4
3.0,e,0.7928286852589641,112.0,4
3.0,a_au,0.16384462151394422,739.0,8
3.0,pericentre_au,0.033615537848605576,1000.5,8
3.0,roche_limit_au,0.02041832669322709,1027.0,4
3.0,stellar_radius_au,0.005229083665338645,1057.5,4
3.2,e,0.7888446215139442,114.0,4
3.2,a_au,0.1625996015936255,741.5,8
3.2,pericentre_au,0.03436254980079681,999.0,8
3.2,roche_limit_au,0.02041832669322709,1027.0,4
3.2,stellar_radius_au,0.005229083665338645,1057.5,4
3.4,e,0.7838645418326693,116.5,4
3.4,a_au,0.16135458167330677,744.0,8
3.4,pericentre_au,0.0348605577689243,998.0,8
3.4,roche_limit_au,0.02041832669322709,1027.0,4
3.4,stellar_radius_au,0.005229083665338645,1057.5,4
3.6,e,0.7788844621513944,119.0,4
3.6,a_au,0.16010956175298804,746.5,8
3.6,pericentre_au,0.035109561752988044,997.5,8
3.6,roche_limit_au,0.02041832669322709,1027.0,4
3.6,stellar_radius_au,0.005229083665338645,1057.5,4
3.8,e,0.7749003984063745,121.0,4
3.8,a_au,0.15861553784860558,749.5,8
3.8,pericentre_au,0.03585657370517928,996.0,8
3.8,roche_limit_au,0.02041832669322709,1027.0,4
3.8,stellar_radius_au,0.005229083665338645,1057.5,4
4.0,e,0.7689243027888446,124.0,4
4.0,a_au,0.1576195219123506,751.5,8
4.0,pericentre_au,0.036354581673306775,995.0,8
4.0,roche_limit_au,0.02041832669322709,1027.0,4
4.0,stellar_radius_au,0.005229083665338645,1057.5,4
4.2,e,0.7629482071713147,127.0,4
4.2,a_au,0.15612549800796813,754.5,8
4.2,pericentre_au,0.03710159362549801,993.5,8
4.2,roche_limit_au,0.02041832669322709,1027.0,4
4.2,stellar_radius_au,0.005229083665338645,1057.5,4
4.4,e,0.7569721115537849,130.0,4
4.4,a_au,0.15463147410358566,757.5,8
4.4,pericentre_au,0.037848605577689244,992.0,8
4.4,roche_limit_au,0.02041832669322709,1027.0,4
4.4,stellar_radius_au,0.005229083665338645,1057.5,4
4.6,e,0.750996015936255,133.0,4
4.6,a_au,0.1531374501992032,760.5,8
4.6,pericentre_au,0.03809760956175299,991.5,8
4.6,roche_limit_au,0.02041832669322709,1027.0,4
4.6,stellar_radius_au,0.005478087649402391,1057.0,4
4.8,e,0.7430278884462151,137.0,4
4.8,a_au,0.15189243027888447,763.0,8
4.8,pericentre_au,0.03909362549800797,989.5,8
4.8,roche_limit_au,0.02041832669322709,1027.0,4
4.8,stellar_radius_au,0.005478087649402391,1057.0,4
5.0,e,0.7370517928286853,140.0,4
5.0,a_au,0.15014940239043825,766.5,8
5.0,pericentre_au,0.03934262948207171,989.0,8
5.0,roche_limit_au,0.02041832669322709,1027.0,4
5.0,stellar_radius_au,0.005478087649402391,1057.0,4
5.2,e,0.7290836653386454,144.0,4
5.2,a_au,0.14865537848605578,769.5,8
5.2,pericentre_au,0.04033864541832669,987.0,8
5.2,roche_limit_au,0.02041832669322709,1027.0,4
5.2,stellar_radius_au,0.005478087649402391,1057.0,4
5.4,e,0.7211155378486056,148.0,4
5.4,a_au,0.14666334661354583,773.5,8
5.4,pericentre_au,0.04083665338645418,986.0,8
5.4,roche_limit_au,0.02041832669322709,1027.0,4
5.4,stellar_radius_au,0.00597609561752988,1056.0,4
5.6,e,0.7111553784860558,153.0,4
5.6,a_au,0.1449203187250996,777.0,8
5.6,pericentre_au,0.041583665338645416,984.5,8
5.6,roche_limit_au,0.02041832669322709,1027.0,4
5.6,stellar_radius_au,0.00597609561752988,1056.0,4
5.8,e,0.703187250996016,157.0,4
5.8,a_au,0.14317729083665337,780.5,8
5.8,pericentre_au,0.04233067729083665,983.0,8
5.8,roche_limit_au,0.02041832669322709,1027.0,4
5.8,stellar_radius_au,0.00597609561752988,1056.0,4
6.0,e,0.6932270916334661,162.0,4
6.0,a_au,0.14093625498007967,785.0,8
6.0,pericentre_au,0.04332669322709163,981.0,8
6.0,roche_limit_au,0.02041832669322709,1027.0,4
6.0,stellar_radius_au,0.00597609561752988,1056.0,4
6.2,e,0.6812749003984063,168.0,4
6.2,a_au,0.13919322709163345,788.5,8
6.2,pericentre_au,0.04407370517928287,979.5,8
6.2,roche_limit_au,0.02041832669322709,1027.0,4
6.2,stellar_radius_au,0.006225099601593625,1055.5,4
6.4,e,0.6693227091633466,174.0,4
6.4,a_au,0.13695219123505975,793.0,8
6.4,pericentre_au,0.04506972111553785,977.5,8
6.4,roche_limit_au,0.02041832669322709,1027.0,4
6.4,stellar_radius_au,0.006225099601593625,1055.5,4
6.6,e,0.6573705179282868,180.0,4
6.6,a_au,0.1344621513944223,798.0,8
6.6,pericentre_au,0.046314741035856574,975.0,8
6.6,roche_limit_au,0.02041832669322709,1027.0,4
6.6,stellar_radius_au,0.006225099601593625,1055.5,4
6.8,e,0.6434262948207171,187.0,4
6.8,a_au,0.13197211155378485,803.0,8
6.8,pericentre_au,0.04706175298804781,973.5,8
6.8,roche_limit_au,0.02041832669322709,1027.0,4
6.8,stellar_radius_au,0.006225099601593625,1055.5,4
7.0,e,0.6274900398406374,195.0,4
7.0,a_au,0.12923306772908366,808.5,8
7.0,pericentre_au,0.04805776892430279,971.5,8
7.0,roche_limit_au,0.02041832669322709,1027.0,4
7.0,stellar_radius_au,0.006225099601593625,1055.5,4
7.2,e,0.6115537848605578,203.0,4
7.2,a_au,0.12699203187250996,813.0,8
7.2,pericentre_au,0.04930278884462151,969.0,8
7.2,roche_limit_au,0.02041832669322709,1027.0,4
7.2,stellar_radius_au,0.00647410358565737,1055.0,4
7.4,e,0.5916334661354582,213.0,4
7.4,a_au,0.12400398406374502,819.0,8
7.4,pericentre_au,0.050547808764940236,966.5,8
7.4,roche_limit_au,0.02041832669322709,1027.0,4
7.4,stellar_radius_au,0.00647410358565737,1055.0,4
7.6,e,0.5697211155378485,224.0,4
7.6,a_au,0.1205179282868526,826.0,8
7.6,pericentre_au,0.052290836653386456,963.0,8
7.6,roche_limit_au,0.02041832669322709,1027.0,4
7.6,stellar_radius_au,0.006723107569721116,1054.5,4
7.8,e,0.5438247011952191,237.0,4
7.8,a_au,0.11752988047808764,832.0,8
7.8,pericentre_au,0.05353585657370518,960.5,8
7.8,roche_limit_au,0.02041832669322709,1027.0,4
7.8,stellar_radius_au,0.007221115537848605,1053.5,4
8.0,e,0.5159362549800797,251.0,4
8.0,a_au,0.11379482071713147,839.5,8
8.0,pericentre_au,0.05502988047808765,957.5,8
8.0,roche_limit_au,0.02041832669322709,1027.0,4
8.0,stellar_radius_au,0.007221115537848605,1053.5,4
8.2,e,0.4820717131474104,268.0,4
8.2,a_au,0.1100597609561753,847.0,8
8.2,pericentre_au,0.05652390438247012,954.5,8
8.2,roche_limit_au,0.02041832669322709,1027.0,4
8.2,stellar_radius_au,0.007470119521912351,1053.0,4
8.4,e,0.44223107569721115,288.0,4
8.4,a_au,0.10707171314741036,853.0,8
8.4,pericentre_au,0.05926294820717131,949.0,8
8.4,roche_limit_au,0.02041832669322709,1027.0,4
8.4,stellar_radius_au,0.00796812749003984,1052.0,4
8.6,e,0.40039840637450197,309.0,4
8.6,a_au,0.10134462151394422,864.5,8
8.6,pericentre_au,0.061254980079681276,945.0,8
8.6,roche_limit_au,0.02041832669322709,1027.0,4
8.6,stellar_radius_au,0.008217131474103585,1051.5,4
8.8,e,0.3446215139442231,337.0,4
8.8,a_au,0.09835657370517928,870.5,8
8.8,pericentre_au,0.06449203187250996,938.5,8
8.8,roche_limit_au,0.02041832669322709,1027.0,4
8.8,stellar_radius_au,0.00846613545816733,1051.0,4
9.0,e,0.28884462151394424,365.0,4
9.0,a_au,0.0946215139442231,878.0,8
9.0,pericentre_au,0.06723107569721115,933.0,8
9.0,roche_limit_au,0.02041832669322709,1027.0,4
9.0,stellar_radius_au,0.009462151394422311,1049.0,4
9.2,e,0.23107569721115537,394.0,4
9.2,a_au,0.09213147410358566,883.0,8
9.2,pericentre_au,0.07071713147410358,926.0,8
9.2,roche_limit_au,0.02041832669322709,1027.0,4
9.2,stellar_radius_au,0.011454183266932271,1045.0,4
9.4,e,0.1752988047808765,422.0,4
9.4,a_au,0.075199203187251,917.0,8
9.4,pericentre_au,0.018426294820717132,1031.0,8
9.4,roche_limit_au,0.02041832669322709,1027.0,4
9.4,stellar_radius_au,0.014940239043824702,1038.0,4
9.6,e,0.11354581673306773,453.0,4
9.6,a_au,0.06424302788844621,939.0,8
9.6,pericentre_au,0.020169322709163346,1027.5,8
9.6,roche_limit_au,0.0199203187250996,1028.0,4
9.6,stellar_radius_au,0.027390438247011952,1013.0,4
